{
  "note": "BASELINE before Phase 2-4 improvements (labels.json path fix applied).",
  "eval_set": "test (held-out)",
  "accuracy": 0.7857142857142857,
  "macro_f1": 0.8461538461538461,
  "per_class": {
    "TABLE": {
      "precision": 0.8333333333333334,
      "recall": 0.7142857142857143,
      "f1": 0.7692307692307692,
      "support": 7
    },
    "HANDWRITTEN": {
      "precision": 1.0,
      "recall": 1.0,
      "f1": 1.0,
      "support": 1
    },
    "PRINTED_TEXT": {
      "precision": 0.7142857142857143,
      "recall": 0.8333333333333334,
      "f1": 0.7692307692307692,
      "support": 6
    }
  },
  "cv_mean_accuracy": 0.7538461538461538
}